Species,tsne-0,tsne-1
Luxiaria amasa amasa,-9.730015,12.230912
Ourapteryx caecata,-20.254095,29.881233
Oruza albigutta,12.711261,-15.660838
Botyodes principalis,-8.265467,11.39361
Melanthia procellata szechuanensis,-20.3126,25.393791
Euchristophia cumulata meridionalis,-19.170412,18.223812
Panolis pinicortex exornata,-22.693184,23.650652
Comostola laesaria,10.975146,-15.372665
Neotogaria saitonis,-7.989963,14.753681
Pseudosphetta moorei,16.4433,-25.191422
Eilema ratonis,0.43609738,-7.949049
Synegia pallens abeliae,1.5975901,-11.515124
Epipsestis bilineata pallida,-23.800497,30.77972
Orybina flaviplaga,-12.768506,20.816166
Dysstroma cinereata cinereata,-16.478104,19.97816
Harpyia formosicola,-20.803375,24.483236
Biston perclarus,0.19674341,1.4282607
Tarsolepis japonica,8.702297,-9.444046
Ischyja manlia,-6.5384245,8.920982
Eugoa cernyi,-0.74326736,-4.3857265
Syllepte taiwanalis,20.451946,-28.070093
Lophophleps purpurea,8.846774,-14.390851
Lophoptera longipennis,-20.086502,24.899235
Hypomecis obliquisigna,-5.7388287,11.242432
Perixera absconditaria absconditaria,-3.5002546,9.591163
Mythimna (Hyphilare) hannemanni,16.16003,-19.334955
Cyclodes omma,12.055034,-15.715056
Warreniplema fumicosta,-8.729364,14.590698
Schistophleps bipuncta,13.831365,-18.274195
Discoglypha locupletata,-8.34312,16.158484
Rusicada privata,-1.4545145,6.3450427
Pseudomiza aurata,-20.193626,22.378418
Trachea punkikonis punkikonis,-3.1837876,8.839669
Glyphodes itysalis,20.277046,-20.38842
Perciana taiwana,-19.852737,25.974693
Callyna contracta,-13.936899,21.805597
Netria viridescens continentalis,-14.471778,18.22789
Thyatira batis formosicola,1.7162849,-8.944728
Theretra clotho,-5.7670164,-3.774066
Parapercnia giraffata,4.84432,-1.72048
Agrius convolvuli,5.408147,-10.591151
Ghoria tecta,-18.99932,29.766962
Eustroma melancholica interrupta,-21.273691,30.304123
Belippa horrida,12.816569,-18.319101
Amyna punctum,11.733446,-18.96508
Luxiaria costinota,-2.3093114,6.71095
Hypocala subsatura,1.9940746,7.9384136
Phlossa taiwana,-13.078905,11.464949
Scopula kagiata,-8.285764,5.7859764
Phazaca alikangensis,15.208716,-24.673624
Bertula venata,8.375339,-13.924453
Euproctis kanshireia,11.970486,-29.112429
Thalatta fasciosa,12.971752,-22.489637
Amblychia angeronaria,15.9201565,-25.380222
Athetis stellulata,-2.9898913,1.7541487
Parallelia stuposa,19.997652,-24.508795
Micronia aculeata,15.527356,-16.985638
Omiodes noctescens,11.868717,-23.093935
Chalcoscelides castaneipars,-7.1549063,13.300128
Prochasma dentilinea,-25.010702,30.421873
Chalyboclydon marginata,13.810546,-21.3598
Collix ghosha,5.56734,-11.164035
Eressa confinis finitima,23.651949,-30.080238
Syntomoides imaon,22.287533,-28.265854
Marumba cristata bukaiana,-2.840165,10.791349
Doratoptera lutea,-3.8400283,10.950595
Callyna monoleuca,13.100385,-16.46091
Teliphasa albifusa,-3.1191616,-3.4382598
Hypena sinuosa,-10.659834,10.969479
Chundana emarginata,-2.2067487,9.84029
Parabapta unifasciata,0.9532914,11.027478
Racotis boarmiaria,-1.5957503,-5.555625
Euproctis croceola,-18.402466,16.592346
Serrodes campana,13.418074,-24.065247
Diaphania indica,9.397485,-17.005304
Rusicada combinans,-0.8464657,3.238011
Hyposidra infixaria,16.33379,-17.168365
Westermannia elliptica elliptica,19.08564,-22.900373
Tanaorhinus viridiluteata,-0.91764396,11.29616
Thyas juno,0.22250487,9.661349
Pseudocollix hyperythra catalalia,10.838217,-16.81997
Bocana manifestalis,12.698454,-22.70192
Blepharoctenucha virescens kawabei,-17.573967,22.213802
Glyphodes onychinalis,17.51469,-12.58308
Maikona yazakii,-19.931036,27.09023
Iraga rugosa,16.816893,-28.140244
Lygephila kishidai,-14.501817,20.053785
Simplicia bimarginata,20.335024,-23.649643
Calliteara lunulata takamukuana,-4.242898,8.535902
Cirrhochrista spissalis,14.994674,-15.691227
Hipoepa fractalis,13.192387,-16.757797
Platyja acerces,17.83889,-20.49745
Atacira affinis,8.451795,-12.866045
Eudocima salaminia,15.808808,-28.56903
Heterostegania lunulosa,-18.188683,19.286114
Thysanoplusia orichalcea,13.925689,-15.893517
Nacoleia charesalis,16.07189,-18.593058
Chiasmia inchoata,0.56473756,-4.0872965
Ourapteryx ramosa,-21.154589,28.216698
Somatina plynusaria,4.6085424,-12.141244
Cirrhochrista spinuella,6.342796,-4.454711
Dindica polyphaenaria,-4.2417583,1.819886
Cerynea igniaria,17.69389,-15.961129
Hoplodrina implacata,-4.966842,-0.33780444
Tethea consimilis c-album,-13.34361,23.058992
Ophiusa disjungens indiscriminata,12.818344,-26.48193
Garaeus apicata formosanus,-4.777835,13.522642
Artena dotata,-1.7587011,0.9965152
Condica albigutta,18.52345,-25.92519
Mythimna bani,3.8501787,-13.274084
Chiasmia intermediaria,18.58774,-29.464584
Calliteara saitonis,-11.258991,13.159924
Actias ningpoana ningtaiwana,-0.575753,8.361104
Bastilla praetermissa,22.394438,-29.949245
Herpetogramma moderatale,18.537891,-17.593597
Athetis brunneolineosa,-6.9189453,11.380555
Rachiades lichenicolor albimaculata,-7.5411296,9.197914
Macaria acutaria,-1.0314057,-2.659398
Pingasa ruginaria pacifica,13.053925,-19.549162
Xandrames dholaria,-17.383839,20.589045
Potnyctycia nemesi,-14.759249,22.182507
Hypomecis roboraria amplaria,-7.4749813,2.4245481
Trisuloides sericea,1.3072351,4.848979
Parum colligata,19.951721,-21.666386
Pygospila tyres,-5.977784,4.307192
Trigonodes hyppasia,20.044964,-22.179811
Euthrix nigropuncta,-3.8118892,4.00845
Comibaena pictipennis,18.046753,-26.368933
Barsine sauteri,8.662637,-7.4921274
Euproctis pulverea,-18.362467,16.49703
Bagada poliomera,16.258701,-21.059677
Alcis taiwanovariegata,0.2633493,7.173538
Hypena albopunctalis,14.062701,-24.847008
Tyloptera bella ogatai,-10.19072,15.913958
Nyctemera adversata,23.678486,-30.28866
Corgatha atrifalcis,15.10838,-22.248756
Spilarctia clava,-24.353289,26.020447
Ophiusa tirhaca,-9.441231,3.425603
Alcis pallens,-21.330431,25.642786
Sineugraphe elkalandozta,-18.938099,28.107744
Gasterocome pannosaria orta,-1.427224,12.127631
Manoba major takasago,-1.846772,4.391462
Radhica flavovittata taiwanensis,-10.139215,5.9533815
Lophoptera hemithyris,8.89334,-21.17885
Lymantria sugii,-16.912004,17.351816
Comostola enodata,-8.72822,10.422382
Acosmeryx castanea,8.036912,-9.593032
Vindusara moorei,-2.7803354,-5.2298207
Percnia luridaria nominoneura,4.7227464,-1.6924567
Micronidia intermedia,-16.436432,27.399921
Spilarctia wilemani,-0.6807503,8.019416
Dipterygina indica,-3.7743394,-0.32462043
Cechenena lineosa,-13.939544,16.909689
Pennithera subcomis,-21.084934,27.244247
Sarbanissa cirrha,-19.226377,28.91995
Marumba sperchius horiana,-5.2749124,12.587757
Abaciscus costimacula,2.670926,-9.071613
Panilla dispila,17.252516,-16.894224
Asura alikangiae,1.9080671,-1.7796845
Peratostega deletaria deletaria,0.89056545,-6.1557245
Bertula quadripuncta,1.2624195,-9.585511
Eilema costipuncta,-5.7462125,1.1725008
Axylia putris triseriata,-2.6451828,11.479951
Sarcinodes yayeyamanus,0.924265,-4.6992803
Pida postalba,-20.453804,26.840786
Kunugia undans metanastroides,-5.7703767,7.56301
Pangrapta plumbilineata,12.761634,-25.140186
Sesamia nigropunctata,5.537675,-20.250185
Callidrepana patrana,4.886448,-15.138377
Dura alba,-5.6062064,-1.5212461
Xenotrachea albidisca pseudodisca,-2.7207005,4.126277
Ceratarcha umbrosa,6.193853,-10.992638
Phlossa conjuncta,15.609734,-20.12424
Calliteara angulata,-1.8963321,-0.2702321
Callopistria maillardi,-2.3005207,3.633816
Mythimna changi,-9.6915,11.260152
Ctenoplusia agnata,-1.9859115,3.6213086
Hyalobole changae,-22.70896,30.65453
Gymnasura semilutea,-4.373696,11.927681
Lemyra alikangensis,4.787034,-16.941006
Cleora contiguata,-2.3593516,-1.2102247
Cotachena pubescens,-2.0631814,1.8516665
Avatha chinensis,-11.1306715,17.05229
Spilarctia subcarnea,17.861921,-14.731882
Lymantria grisea,-4.3479624,8.802341
Cleora fraterna,-1.5036627,4.0056424
Calyptra orthograpta,3.525386,-12.34269
Mythimna yu,15.511697,-15.59915
Endotricha consocia,20.418568,-18.508348
Sypnoides chinensis,-11.650133,24.201847
Xestia tamsi,-24.533527,30.420837
Tanaorhinus kina flavinfra,-10.166852,9.906317
Stigmatophora tridens,-7.3281465,0.8969208
Arctioblepsis rubida,10.003234,-27.62436
Fascellina plagiata,-19.747124,22.013412
Zanclopera calidata,15.429321,-23.61437
Biston regalis comitatus,-18.891674,25.446218
Metaemene atrigutta,20.631102,-16.46709
Tamba lala,20.822985,-18.858353
Phalera obscura,3.3296652,-10.725761
Marumba gaschkewitschii gressitti,-13.991889,14.847172
Lymantria mathura subpallida,21.186003,-28.684607
Borbacha pardaria,19.473982,-15.244248
Macroglossum saga,-13.771836,16.693455
Meganoton analis gressitti,-1.0986006,7.0013056
Spoladea recurvalis,17.556301,-29.135786
Ambulyx semiplacida,-14.570478,15.555359
Chlorodontopera taiwana,-12.251798,13.987234
Comibaena procumbaria,14.770651,-28.510818
Calliteara taiwana,-10.498094,12.945909
Hypena perspicua,-10.939219,14.435216
Squamipalpis subnubila,-3.9871626,9.533539
Cryptophlebia relpetana,11.280071,-16.65341
Callopistria clava,14.041357,-19.228931
Talanga nympha,16.846231,-18.061796
Acosmeryx formosana,2.2503483,-8.047409
Rhynchaglaea hemixantha hemixantha,-23.625042,23.066742
Thyas coronata,2.4223967,7.405551
Herminia kurokoi,9.585802,-16.019974
Syntypistis viridipicta,8.067332,-19.858849
Catocala macula,-13.609055,21.072033
Callidula attenuata,11.2954855,-24.239355
Zeuzera multistrigata,-15.825946,21.448334
Maurilia iconica,-3.6992807,7.963059
Meganola triangulalis,11.84411,-14.818191
Oreta fuscopurpurea,1.8558125,-2.8852172
Dindica taiwana,-4.100275,13.265226
Miltochrista aberrans,-7.3529186,0.84840226
Fascellina chromataria,7.399031,-9.277275
Syntypistis perdix confusa,-22.403059,24.705072
Apha arisana,-12.515367,20.083118
Chorodna creataria,-0.8541199,1.6504722
Calguia defiguralis,0.25129232,-4.7456913
Dysaethria obscuraria,9.146274,-11.958763
Daddala lucilla,-6.2090697,14.349554
Nevrina procopia,23.186155,-28.733826
Herculia pelasgalis,3.400209,-3.7478602
Alcis anmashanensis,-21.71938,26.39782
Lithopolia confusa confusa,-21.717417,24.521894
Anuga plicatrix,6.472994,-11.0098915
Ourapteryx clara formosana,-8.561896,19.690119
Achaea janata,-2.8563938,7.794662
Oreta extensa,-4.037713,4.280655
Aedia perdicipennis,19.044888,-23.905727
Carea varipes,-3.8314798,11.583441
Krananda oliveomarginata,6.3817554,-10.6659
Omphalomia hirta,3.5765102,-9.684907
Lyclene acteola,-10.710241,7.036014
Chorodna ochreimacula,11.75775,-20.014301
Spilarctia tienmushana werneri,7.5209155,-18.103693
Antitrygodes divisaria perturbatus,21.399717,-23.0354
Tiracola plagiata,-1.8411014,2.8098977
Fentonia ocypete,-0.6122787,6.026038
Erygia apicalis,13.986388,-24.07663
Spodoptera pecten,15.228262,-14.135434
Tarsolepis taiwana,-8.398983,13.274152
Hyperaeschrella nigribasis,-16.473408,19.185781
Hypena trigonalis,-1.4374441,-3.6989884
Aroa substrigosa,19.789558,-25.690437
Wittstrotia taroko,-22.345856,20.947311
Hipoepa biasalis,13.223907,-17.389103
Lemyra rhodophilodes,2.748033,-1.535737
Acolutha pictaria imbecilla,-7.256665,8.117976
Calliteara grotei horishanella,0.90884584,4.734002
Bharetta owadai,-1.5465817,7.451178
Idaea sugillata,-18.307491,24.733309
Hulodes caranea,13.241826,-25.330797
Plecoptera siderogramma,14.080852,-16.622883
Acherontia lachesis,-0.7498731,-1.8027036
Herochroma cristata,16.219133,-23.790152
Syntypistis umbrosa,-14.261718,19.55271
Spatalia dives,-13.687496,17.508629
Nola tristicta,-15.647731,20.462637
Hadennia hisbonalis,11.857717,-22.117533
Gonitis mesogona,10.356681,-17.5107
Pylargosceles steganioides limbaria,4.026696,-10.640704
Martania seriata,-23.382092,29.782316
Dolbina inexacta,-1.5477455,0.32164145
Alcis arizana,-12.176725,9.307468
Ernolatia moorei,16.950605,-14.734957
Lymantria umbrifera,-22.168526,24.871761
Parectropis subflava,-17.651466,22.272196
Phlogophora conservuloides,-20.885036,24.235527
Syntypistis subgeneris,9.683711,-17.994015
Laspeyria ruficeps,8.290735,-17.013899
Hyalobathra coenostolalis,9.537415,-13.83556
Avatha bipartita,17.870703,-20.639135
Docirava flavilinata,-21.525993,30.935585
Asota tortuosa,-14.071322,24.329449
Dinumma placens,-13.872466,11.150799
Palirisa cervina formosana,-24.010456,24.640934
Kamalia tattakana,-21.597908,20.108248
Stenoloba manleyi formosana,3.0242424,-11.191349
Acronicta denticulata pernivea,-15.026351,20.304197
Luxiaria mitorrhaphes,-2.255169,6.84418
Lophobates ochrolaria,-17.754637,22.64487
Arichanna picaria,-22.641369,29.770498
Clanis bilineata formosana,4.9447923,-6.2444124
Clavipalpula aurariae formosana,-24.686972,31.136602
Callopistria deflexusa,-2.7289429,-2.012079
Amerila astrea,15.176285,-26.242819
Herochroma supraviridaria,-13.344364,11.285579
Orthopygia nannodes,4.049946,-11.308587
Cernyia arizana,-5.5269895,1.3725992
Cyana effracta posilla,-7.939274,10.838766
Herpetogramma luctuosalis,19.307405,-28.02867
Conistra anonyma,-17.825274,23.399761
Paralebeda femorata mirabilis,1.322368,-5.182838
Elusa ustula,15.187152,-19.255287
Asota egens indica,-2.7353127,-7.05184
Mythimna sinuosa,-12.048429,21.536467
Allodontoides tenebrosa,5.4988737,-19.984844
Syntypistis cyanea,7.837718,-20.077383
Piletocera aegimiusalis,18.757662,-28.9919
Cosmotriche discitincta,-24.477484,28.152508
Simplicia butesalis,16.23362,-22.074844
Asota plana lacteata,23.813595,-30.821733
Paradoxopla sinuata taiwana,-14.176638,17.689695
Timandra convectaria,22.016806,-19.417341
Trabala vishnou guttata,1.6680095,0.5328134
Menophra taiwana,-2.65682,9.857086
Chusaris nigromaculata,6.43433,-11.530055
Telorta yazakii,-20.140068,28.056526
Epiplema arcuata,-19.664764,30.948133
Hydrillodes hemusalis,-3.3643456,-0.33266053
Leucobrepsis taiwanensis,17.03853,-29.192118
Narangodes confluens,-13.390899,19.8362
Tympanistes fusimargo,-19.892462,25.32413
Eudocima phalonia,8.060607,-8.816809
Spodoptera exigua,-5.6553383,-0.68433696
Carminibotys carminalis,12.737648,-13.7951765
Orthozona curvilineata,-15.557222,27.078684
Leucobrepsis fenestraria,15.460928,-26.343124
Aedia leucomelas,-3.7174375,-3.59836
Hypochrosis baenzigeri,9.485163,-13.3506155
Trilocha varians,15.222184,-12.2618
Ampelophaga rubiginosa myosotis,5.126344,-6.332577
Dudusa nobilis,8.507687,-9.52293
Auchmis inextricata,-21.484928,31.10686
Cania heppneri,15.456589,-27.939495
Timandra extremaria,21.006992,-26.90262
Hesudra divisa,-6.7277155,12.636034
Ghoria bani,-26.306581,27.455748
Tristeirometa decussata moltrechti,-22.187056,23.037308
Cosmophila lyona,10.124644,-17.068382
Oraesia excavata,-0.21589658,0.5086101
Eilicrinia flava,0.10640311,-9.294583
Bastilla absentimacula,17.376394,-23.126312
Fascellina subsignata,2.7989793,-11.474131
Menophra nakajimai,-4.523672,10.490055
Habrosyne petrographa,-16.832455,27.19026
Zanclognatha subtriplex,7.562315,-13.720684
Cruxoruza decorata,16.846746,-13.695684
Adrapsa simplex,17.891851,-28.824995
Eilema pulverea,-16.840542,19.213472
Corymica deducta,11.795946,-21.0311
Naxidia punctata,-16.410078,13.591616
Blenina quinaria,-2.1048486,13.383647
Polyphagozerra coffeae,-0.737692,-0.39790577
Phazaca kosemponicola,12.095839,-19.088453
Calliteara arizana,-12.010647,12.994928
Psilogramma increta,-2.5257592,3.225764
Paraona staudingeri formosana,-13.796214,19.127003
Timandromorpha discolor,-19.796185,21.9178
Callopistria delicata,-2.5860314,8.090122
Callambulyx tatarinovii formosana,-0.018818695,7.9654655
Orthosia castanea,-20.644316,28.794273
Spaniocentra hollowayi,14.813039,-29.06133
Sypnoides simplex,7.1688676,-14.73553
Lamida obscura,-0.22735228,-5.1983395
Xandrames latiferaria curvistriga,-0.2651076,-3.3906548
Paracrama angulata,-0.55853945,-6.69902
Cnaphalocrocis medinalis,-0.42220995,-10.4256935
Arcesis threnodes,-5.1810913,0.13083605
Mythimna subplacida,14.867886,-18.00431
Venusia lineata,-14.553428,18.610373
Blasticorhinus rivulosa,15.130732,-17.78542
Menophra anaplagiata,-4.4617767,9.873554
Euproctis magna,-5.1265273,3.523584
Areas galactina formosana,23.714298,-30.286491
Hymenia perspectalis,14.732763,-21.491697
Sarcinodes carnearius,-7.9488387,-3.085216
Clostera anachoreta,-15.068208,19.362959
Aurana vinaceella,5.468198,-13.61548
Lophobates inchoata,1.0087057,-7.585615
Euthrix laeta,4.0542636,-6.740966
Stauropus teikichiana,7.0115323,-9.580144
Ethmia lineatonotella,-1.6842933,8.300521
Psilalcis pulveraria,-0.43862903,-3.5989318
Psidopala shirakii,-17.605993,27.35959
Cymatophoropsis formosana,-13.1616125,17.394909
Tensha striatella,7.5529037,-12.401938
Egira acronyctoides,-19.372478,27.985277
Carsina kanshireiensis,0.14726764,-12.436828
Isocentris filalis,19.229536,-17.354229
Oberthueria formosibia,-12.678167,20.780575
Epipsestis nikkoensis,-16.62418,25.588749
Lemyra imparilis,11.185001,-23.041395
Plusiodonta coelonota,16.286835,-18.521206
Carea internifusca,-2.9988632,2.2576375
Callibotys carapina,18.107178,-28.48532
Botyodes diniasalis,0.25177684,-8.330925
Phalacra strigata insulicola,8.249473,-17.554634
Stenia minoralis,7.2290297,-11.3910475
Mythimna (Mythimna) albomarginata rubea,-1.7374219,3.3315356
Hydrillodes gravatalis,19.68126,-27.608803
Pheosiopsis (Suzukiana) cinerea formosana,-22.257292,22.902088
Physetobasis dentifascia triangulifera,-14.235545,20.93349
Hypospila bolinoides,0.40807354,-4.1794734
Mahanta kawadai,-24.322035,23.927586
Rhagastis mongoliana,3.025899,-6.5406337
Hypena triangularis,-7.9984283,7.005064
Chiasmia eleonora,-0.24614222,-2.466993
Ctenoplusia kosemponensis,-2.7341943,-0.8024577
Hypomecis monotona,-16.837017,20.284153
Hampsonella arizana,-13.530432,16.211172
Orthaga olivacea,12.905781,-19.44851
Fentonia baibarana,-2.4507408,0.85153264
Uresiphita quinquigera,18.922438,-28.181755
Krananda semihyalina,-0.28668034,10.783297
Cleora repulsaria,-2.1462622,-0.25686228
Lomographa inamata,1.1047063,11.054091
Parobeidia gigantearia marginifascia,-26.11354,25.308088
Loxaspilates montuosa,-13.11204,10.250424
Lemyra fallaciosa,-15.922675,18.659203
Disparia diluta variegata,-2.0149589,-2.9035094
Ecliptopera umbrosaria stathera,3.1648629,-14.078389
Fodina contigua,5.978042,-14.567755
Cyana subalba,-6.402775,16.18275
Mecodina albodentata,18.02093,-20.592094
Corymica spatiosa,1.9290644,0.16234691
Cosmia unicolor,-16.733526,28.186893
Mecodina cineracea,12.282249,-16.265627
Thinopteryx crocoptera assamensis,-3.3239594,5.551263
Pericyma cruegeri,12.693813,-17.963545
Anorthoa changi,-23.333992,31.31285
Callopistria guttulalis,-1.5661957,-6.1975217
Aethaloessa calidalis tiphalis,8.516054,-24.49108
Acronicta pruinosa,-14.719818,20.635069
Niphonyx segregata,13.168061,-20.155533
Callopistria repleta,-8.353235,12.412417
Dipterygina cupreotincta,-3.3015125,8.8479395
Brunia antica,17.292974,-21.496807
Phazaca theclatus,-0.1547515,-0.7870249
Demonarosa rufotessellata subrosea,17.215843,-29.814606
Dictyestra dissecta,1.4612426,-16.466658
Metabraxas rubrotincta,-16.731493,13.835207
Disparia nigrofasciata,-2.0484855,-3.7141013
Beara tortriciformis,15.330763,-20.454023
Bombyx mandarina formosana,16.603733,-24.681671
Higena trichosticha,-3.1578493,0.34571046
Prorodes mimicus,11.994312,-18.044062
Pelagodes subquadraria,7.6623673,-21.316872
Ilema nigrofascia,7.2499704,-10.423398
Blenina senex,-2.1299284,13.586887
Tochara creberrima,18.349627,-23.989777
Dendrolimus punctatus,-4.827265,10.5074215
Thosea rufa,15.311273,-20.182796
Mustilia sphingiformis gerontica,-12.567343,20.35428
Nyctemera formosana,21.43339,-29.363424
Herochroma ochreipicta,-16.471395,23.006268
Simplicia simplicissima,6.951772,-15.939942
Susica sinensis,22.234982,-29.769331
Spilarctia postrubida,23.488258,-24.937864
Paracymoriza cataclystalis,-9.156672,1.8393711
Ramesa albistriga,18.06098,-21.619331
Hypena iconicalis,-3.5846272,3.202782
Xanthorhoe saturata,9.665758,-16.420223
Microblepsis rugosa,11.76888,-11.735927
Phalera flavescens,0.08346085,4.4683986
Oroplema oyamana,12.731284,-21.663397
Cyana hamata,7.0675383,-5.6787643
Dindica purpurata,-3.1182125,2.6067638
Mythimna hannemanni,-19.920818,27.641174
Besaia nebulosa,-19.125559,29.876625
Idaea egenaria,-10.133754,5.5923815
Xenoplia trivialis,-16.666698,13.7837925
Neogurelca hyas,-10.041681,0.07268912
Uresiphita tricolor,18.115107,-27.44557
Orthosia perfusca,-24.341198,31.196959
Callopistria phaeogona,-2.8961613,-2.047419
Asura arcuata,1.2942449,-7.9376316
Homodes vivida,8.328324,-6.511481
Alcis admissaria undularia,-17.273228,21.211424
Lixa productalis taiwana,14.179908,-25.979742
Callopistria duplicans,2.3115308,-17.19031
Botyodes asialis,-3.5309367,6.309235
Craneophora ficki,-1.6711601,2.085899
Hypatima spathota,9.202957,-15.176671
Pachyodes subtritus,8.313357,-20.022799
Sympis rufibasis,17.912046,-22.787436
Organopoda carnearia carnearia,-9.111036,12.24546
Scriptoplusia nigriluna,-4.1567545,0.26632378
Euproctis sericea,-19.914782,24.363548
Arbudas submacula,-11.69498,6.479
Creatonotos gangis,20.218544,-13.020348
Cypoides chinensis,-2.2461174,2.7809248
Diarsia cia,-23.493975,29.502472
Euplexidia exotica,-15.014872,22.60011
Harutalcis fumigata,-15.3314495,21.32569
Nola nephodes,15.539574,-13.714108
Eugoa grisea,-8.570276,9.594726
Metaphoenia plagifera,17.242413,-16.856266
Euplexidia angusta,-22.086628,23.095924
Cechenena minor,-5.373021,-3.5651333
Orthocabera sericea,-9.738852,20.350805
Miresa fulgida,1.6775924,-4.184833
Hypena kanshireiensis,8.052513,-14.992997
Chiasmia defixaria,9.650156,-8.987183
Eterusia aedea formosana,23.729258,-30.418184
Bastilla acuta acuta,-11.158761,15.464821
Chrysodeixis taiwani,-2.1333723,9.705504
Agrochola albirena chihtuana,-23.232052,23.123688
Crypsiptya coclesalis,18.58987,-18.930914
Arasada pyraliformis,19.297281,-21.313866
Odonestis bheroba formosae,-0.75377685,2.2723339
Chrysodeixis heberachis,-0.75541115,-3.89785
Pachypasoides albisparsus,-24.217997,27.834774
Analthes taihokualis,21.459276,-28.804644
Hysteroscene hyalina,21.708647,-28.996082
Callyna semivitta,-2.0553281,1.036423
Bryophilina mollicula,-1.4630734,9.074745
Eurrhyparodes contortalis,18.17656,-30.022917
Diarsia nigrosigna,-9.115996,14.550821
Ourapteryx yerburii virescens,-8.594549,19.645851
Glyphodes duplicalis,10.382841,-13.497454
Spatulipalpia albistrialis,9.900893,-15.311903
Chiasmia monticolaria notia,9.459036,-9.229015
Arna bipunctapex,4.2385583,-17.008907
Mocis undata,11.895576,-16.883635
Olene mendosa,-3.256223,0.88500047
Eois lunulosa duplicilinea,9.656082,-24.025743
Monema rubriceps,14.98655,-25.521877
Ctenoplusia adiaphora,-11.927206,13.372845
Ecliptopera rectilinea kanshinensis,2.7249258,-14.007284
Spilarctia alba kikuchii,-12.337759,16.641562
Nausinoe perspectata,19.738907,-20.048931
Ambulyx japonica angustifasciata,-13.932465,16.836578
Cyana sanguinea,-2.4334671,5.308269
Mythimna decisissima,-8.312285,4.6423492
Argyrogramma signata,-3.6794596,-1.2903104
Loepa formosensis,-11.685226,3.1234636
Borsippa marginata,12.564387,-20.856619
Odontopera insulata,-23.345718,29.315304
Hastina subfalcaria caeruleolineata,-16.604967,16.397997
Pseudabraxas taiwana,-6.179365,2.9980352
Deileptenia rimosaria,-16.543047,19.92748
Hypomecis punctinalis glos,17.069454,-25.25864
Hyposidra talaca,17.253618,-25.372925
Bastilla arcuata,19.377321,-24.407034
Eilema magnata,-5.526292,1.3862731
Bertula hadenalis persimilis,14.222301,-17.038593
Pangrapta vasava,-8.718738,6.858085
Lymantria xylina,1.0986677,-13.766948
Macrobrochis gigas,23.895975,-31.002684
Idaea costiguttata,-8.419274,8.996782
Tridrepana arikana,1.8100849,-0.24842045
Cusiala boarmioides,16.591848,-24.51455
Pachynoa thoosalis,17.824963,-18.244442
Zusidava serratilinea,-15.405915,21.463793
Orthocraspeda furva,12.781857,-18.566845
Mesastrape fulguraria,-16.028128,21.13607
Sibatania arizana,-0.1281324,13.872207
Pleuroptya punctimarginalis,18.793716,-19.400219
Lipomelia subusta,9.457393,-10.594719
Spilarctia taiwanensis,18.068027,-14.543776
Jodis rantaizanensis,-11.575017,10.466242
Pleuroptya iopasalis,17.024326,-18.681458
Hypena tenebralis,-15.031529,20.281853
Hypena taiwana,-8.894856,7.79807
Pareclipsis umbrata,-5.245297,4.668622
Chadisra bipartita,0.119832866,-6.4974947
Calicha griseoviridata,-16.077751,23.009106
Simplicia xanthoma,10.618692,-21.613808
Drepana pallida nigromaculata,-11.82856,18.400015
Aroana baliensis,11.452707,-17.523197
Tethea oberthueri taiwana,-13.382536,22.832363
Mecodina subcostalis,-6.3662796,8.605445
Lymantria concolor concolor,-21.629387,20.112843
Bastilla fulvotaenia,20.942064,-24.994896
Autoba tristalis,14.531072,-19.125134
Cyclophora intermixtaria,-5.292303,9.427868
Camptomastix hisbonalis,6.9181504,-12.275296
Lophophelma iterans onerosus,-0.53387123,-2.4040024
Hypena ophiusoides,-9.734635,10.859311
Garudinia bimaculata,20.58408,-22.413418
Jankowskia taiwanensis,-10.17753,8.388151
Tyspanodes hypsalis,14.130345,-29.837479
Ercheia niveostrigata,12.654276,-23.620491
Dysaethria flavistriga,8.616399,-17.419443
Perizoma fasciaria,11.34028,-14.393665
Aedia lichenea,9.115136,-21.524183
Pilipectus taiwanus,-16.76284,24.397152
Ganisa formosicola,-12.799502,12.523584
Moma abbreviata,-1.4810646,-0.21404418
Kunugia brunnea,-15.97982,17.764866
Tambana subflava,-23.202486,26.183266
Amphitorna purpureofascia,10.664009,-18.10093
Psilalcis albibasis,-17.53714,21.667685
Pangrapta lunulata,16.666868,-19.889961
Tyana falcata,-6.7866583,7.244326
Perinaenia mingchyrica,-17.083965,25.176756
Asota caricae,10.5834,-9.899747
Hypersypnoides punctosa,-6.058493,8.355822
Macroglossum pyrrhosticta,-9.95557,0.060574997
Blasticorhinus bifasciata,-12.411358,10.79156
Percnia suffusa,3.5515075,-1.6552837
Calesia dasypterus,17.293026,-22.885334
Borsippa xanthostola,10.739669,-19.516403
Creatonotos transiens vacillans,23.56002,-24.849789
Asota heliconia zebrina,-3.8863873,-4.4034405
Paradarisa comparataria rantaizanensis,-15.865795,22.751513
Perixera sarawackaria,0.6604483,-6.7971916
Callopistria nobilior,-3.9803736,-1.7532444
Chiasmia perfusaria,10.723593,-18.66529
Checupa stegeri,-13.16767,21.972626
Achaea serva,7.767367,-11.804077
Xanthorhoe mediofascia,-20.722115,24.699411
Arichanna marginata,-1.3059266,12.408837
Percnia longitermen,4.828962,-1.7178398
Heterolocha coccinea,-3.462485,5.644571
Locharna strigipennis,6.4851794,-18.039236
Yashmakia suffusa,7.36776,-8.385875
Locastra muscosalis,10.934307,-15.93829
Lampropteryx synthetica,15.596712,-24.56414
Polythlipta maceratalis,-7.6616974,-0.9422045
Ecliptopera delecta,-4.114309,-2.3472378
Barsine horishanella,8.191425,-7.282851
Agrotis taiwana,14.689427,-13.074747
Semiothisops macariata,20.916964,-18.844593
Biston marginata,1.6360023,-11.99286
Bocchoris inspersalis,17.76469,-12.471773
Hypocala violacea,2.0838385,7.840809
Setora postornata,11.295308,-17.93628
Acosmerycoides harterti,14.209914,-22.242393
Theretra nessus,-5.217269,-3.5862336
Dendrolimus ariaznus,-22.525032,23.869528
Diphtherocome pulchra,-12.905847,22.215796
Chytonix costimacula,2.5126674,-10.009587
Palpita asiaticalis,-9.012706,11.020119
Mataeomera semialba,4.413302,-9.089411
Opisthograptis punctilineata,-23.96504,26.939032
Nomophila noctuella,-5.0077047,-1.5559856
Entomopteryx combusta,22.05413,-20.408134
Dindica wilemani,-2.673428,-10.745136
Kerala lentiginosa,-13.128823,13.534363
Mythimna pallidicosta,-2.3009021,10.918002
Diplurodes vestitus fuscovestitus,-1.8375055,-1.2301197
Aethalura duplicata,-12.827762,15.777472
Macroglossum mitchelli imperator,-1.9987121,10.183395
Lophontosia fusca,4.7117586,-13.977343
Euhampsonia formosana,-11.549692,14.17118
Ecliptopera benigna,-2.7641153,1.7158335
Callyna jugaria,17.509026,-24.727238
Paracolax sugii,16.988392,-27.105011
Catoria sublavaria,15.075859,-16.936491
Chrysodeixis acuta,13.523332,-20.286663
Dindica kishidai,-4.3159184,13.083138
Krananda latimarginaria,15.311067,-23.331
Arichanna pryeraria,-22.23082,26.15454
Mythimna taiwana,15.775905,-15.125423
Odontopera albiguttulata,-21.998856,25.410625
Conistra takasago,-9.966469,7.6346607
Albara reversaria opalescens,-8.004425,-2.7697809
Simplicia discostica,15.9109335,-21.845707
Panilla costipunctata,1.7239337,-6.472529
Ambulyx ochracea,1.6421684,-5.414436
Arcte coerula,-0.25245327,8.874373
Taicallimorpha albipuncta,-21.757235,29.31682
Ericeia inangulata,10.426209,-7.827633
Zurobata vacillans,6.081955,-8.225017
Lophophelma taiwana,6.778336,-9.640907
Hypena amica,9.902946,-20.57547
Mythimna martoni,-13.945006,20.17558
Chrysaeglia magnifica,21.197021,-29.228361
Amplypterus mansoni takamukui,4.181988,-7.485656
Idaea sinicata,2.0811296,-3.138934
Eupithecia nuceistrigata,-15.886446,26.235426
Craniophora harmandi,-22.831295,25.992847
Helicoverpa armigera,5.7763267,-11.912731
Potnyctycia taiwana,-16.204048,24.591558
Somera viridifusca viridifusca,6.343272,-8.939317
Oxyodes scrobiculata,-0.8764656,0.55837226
Calyptra minuticornis bisacutum,3.0229528,-12.40432
Episparis taiwana,8.349034,-10.456341
Herochroma baibarana,-16.365261,22.99541
Mecodina praecipua,5.783398,-9.3198185
Diarsia subtincta,-23.26649,23.7364
Mosopia punctilinea,13.529212,-24.592455
Pelagodes proquadrarius,0.3741254,-5.504938
Heterothera sororcula,-23.989347,28.434696
Sarbanissa interposita,-10.762963,12.531836
Athetis stellata,-4.4028125,-0.2957736
Paramaxates taiwana,-14.340232,22.873014
Barsine aberrans,-7.258999,0.8136909
Parasa shirakii,-3.2269428,3.0022383
Apsarasa radians,17.726915,-30.47325
Pergesa actea,8.659504,-22.701857
Herminia vermiculata,14.256336,-16.68434
Brahmaea wallichii insulata,-19.019392,22.409136
Simplicia niphona,10.615934,-21.971514
Endotricha olivacealis,3.1975524,-3.4944217
Psilalcis breta rantaizana,5.8060203,-10.994067
Ectropis bhurmitra,15.173759,-17.936764
Pangrapta trilineata,12.183329,-25.20587
Macaldenia palumba,17.241772,-23.406635
Atacira lyncestides,1.1197578,-6.474546
Hypochrosis rufescens,-23.383316,24.83939
Perina nuda,12.007529,-29.102516
Gandaritis sinicaria postalba,-18.163918,21.446798
Carea trimacula,-2.83141,12.085151
Stathmopoda fusciumeraris,14.082238,-14.804548
Sarcinodes yeni,-7.9573674,-2.9997084
Dudusa synopla,9.405721,-22.320284
Eustroma contorta,-0.103478454,13.8593445
Endotricha similata,-15.897739,26.609234
Myrioblephara simplaria,-7.794717,2.9541795
Chrysodeixis eriosoma,-2.3876543,4.113611
Nishada formosibia,13.466232,-14.366695
Calyptra fletcheri,3.256586,-11.941315
Alcis taiwanensis,-7.5628104,8.528429
Maxates sinuolata,-18.915304,26.265633
Eupithecia yoshimotoi,-21.104095,27.312998
Mythimna separata,9.863489,-14.615068
Agathia laetata,14.830238,-29.151907
Altha lacteola melanopsis,4.388918,-12.311493
Lophoruza pulcherrima,-0.09510291,-2.8274064
Alcis postlurida,-21.94308,28.16507
Nothomiza flavicosta,-13.333474,18.487621
Ourapteryx changi,-8.961894,19.818054
Flavinarosa obscura,17.069977,-21.702885
Hydrillodes lentalis,-4.3712955,-0.93272763
Nechesia albodentata,16.947805,-15.608849
Arichanna ochrivena,-24.669756,29.517057
Formofentonia orbifer rotundata,-8.028667,12.934632
Lomographa percnosticta,-13.594529,12.315587
Somadasys catocoides,-20.467216,29.22427
Aplotelia diplographa,-1.7210863,-4.438542
Anectropis semifascia,-21.148394,25.24619
Macaria abydata,14.956814,-16.319883
Tasta argozana,-7.197362,10.592827
Microlygris complicata dactylotypa,10.425507,-22.937477
Problepsis albidior matsumurai,-0.06764225,3.9228387
Pareclipsis serrulata,-5.2057285,5.06029
Hylophilodes tsukusensis,-3.6516328,4.8950095
Camptoloma carum,1.1230298,-2.4325242
Tisis mesozosta,8.532826,-15.392606
Sophta olivata,18.576067,-25.294508
Anoratha sinuosa,-18.289303,28.116896
Neohipparchus vallata,-10.758786,20.97571
Mythimna franclemonti,15.699782,-15.006836
Garaeus specularis specularis,-8.457532,16.471748
Parolulis renalis,10.372993,-15.782102
Trachea auriplena auriplena,-1.4143392,11.849757
Caduca albopunctata,12.066212,-17.450245
Ophiusa trapezium,11.536763,-13.144269
Lebeda nobilis,12.963244,-24.595192
Gastropacha pardalis formosana,0.08434099,-3.0446858
Adrapsa ablualis,16.632809,-20.713991
Somatina rosacea anaemica,-1.7743167,5.3442206
Amsactoides solitaria,17.736216,-19.5919
Bradina diagonalis,18.64962,-22.210922
Lemyra wernerthomasi,-17.197224,26.932114
Deileptenia argillacearia,0.52733785,6.877958
Cifuna locuples,3.0811906,-7.762209
Xylostola indistincta,-5.338418,3.1113126
Miltochrista delineata,8.014736,-7.3737993
Diarsia canescens,-3.2691445,11.7860985
Hypomecis percnioides,-7.926368,8.035688
Metaphoenia incongrualis,16.593958,-15.691443
Ilema kosemponica,-4.212374,0.77845687
Tridrepana flava flava,-11.614172,3.0140307
Karana gemmifera,-16.207067,19.89255
Churinga virago,-26.299334,27.245136
Nordstromia semililacina,-12.417684,18.204075
Edessena gentiusalis,13.970759,-25.413803
Epipsestis meilingchani,-23.659918,30.025145
Rikiosatoa mavi,-15.041832,16.6497
Machaeropteris petalacma,-19.296675,23.702963
Hepatica indentalis,2.9038386,-10.844699
Mythimna (Sablia) nigrilinea,20.224806,-13.021398
Chiasmia emersaria,16.037912,-17.02667
Paradarisa chloauges,-13.271999,11.065418
Notodonta griseotincta,-22.14425,24.557005
Langia zenzeroides formosana,-12.047524,19.288692
Syntypistis comatus,-13.970539,20.180708
Diarsia formosana,-3.2548623,11.896447
Pogonopygia pavidus pavidus,-10.798439,17.416203
Eublemma quadrapex,11.169111,-19.863579
Ecliptopera muscicolor allobathra,-11.85676,7.709198
Herpetogramma magna,-6.720339,5.098028
Endotricha minialis,3.7282581,-3.9882858
Conilepia nigricosta paiwan,20.77509,-16.456738
Bastilla joviana,16.758904,-22.98209
Tethea octogesima watanabei,-15.391602,17.671804
Chrysodeixis minutus,-3.5686805,-1.0645136
Heterolocha biplagiata,-15.178311,18.562992
Eligma narcissus,14.586173,-27.23635
Rhynchaglaea perscitula,-22.919914,27.039118
Acosmeryx naga naga,-7.2044516,9.866121
Eilema usuguronis,13.288393,-13.11063
Condica serva,12.731367,-17.979645
Craniophora fasciata,-0.29925102,5.687029
Dendrolimus taiwanus,-22.730116,23.919846
Periergos magna,1.0592272,-13.607707
Oglasa costimacula,16.094759,-16.393238
Martania taiwana,-22.001316,30.538006
Dysaethria fulvihamata,9.10957,-11.858184
Callopistria rivularis,2.3439932,-17.170046
Nyctycia strigidisca nigridorsi,-24.354507,31.165379
Setora baibarana,6.93963,-12.141293
Corymica pryeri,1.9680431,0.34043697
Lymantria iris,-9.798517,14.010073
Argyrocosma inductaria,14.821862,-28.608755
Antheraea formosana,3.589542,-5.328402
Miltochrista convexa,8.288558,-7.345314
Nacna malachitis,-20.9662,24.069332
Pseudomiza obliquaria,-5.668637,12.194029
Antha grata,6.006791,-13.710233
Horipsestis mushana mushana,-7.0184174,5.7467513
Tanaoctenia haliaria,-21.129257,23.164297
Erebus ephesperis,16.309465,-23.095207
Mesolia bipunctella,16.139582,-13.406486
Nyctemera arctata albofasciata,-14.0008335,24.416306
Saturnia jonasi fukudai,-24.652946,28.638739
Xyleutes strix,17.383736,-24.632483
Loxopamea rufus,-24.027159,29.956367
Dilophodes elegans khasiana,-22.27314,29.101889
Oreta insignis,-3.2302616,4.5479894
Chrysorabdia vilemani,-26.39556,27.161127
Thosea sinensis,19.041275,-26.551355
Hypomecis cineracea,8.108459,-18.976574
Xylopolia fulvireniforma,-23.213337,27.458374
Nola marginata,12.1453495,-14.692195
Prismosticta fenestrata,-8.569307,15.379121
Eugoa brunnea,9.393596,-16.355818
Pleuroptya deficiens,-7.1759872,11.970746
Lyclene arcuata,4.701283,-16.921131
Celenna festivaria formosensis,-0.23999275,12.051402
Chalciope mygdon,20.011738,-23.111092
Ziridava kanshireiensis,7.02834,-10.060624
Corymica arnearia,1.9205503,0.02714416
Eusabena miltochristalis,12.692862,-27.043758
Pindara illibata,9.633265,-19.269455
Ourapteryx similaria horishana,-9.913683,20.194027
Eoophyla gibbosalis,21.296291,-27.981388
Bastilla amygdalis,13.956981,-23.29533
Alcis maculata taiwanica,-25.44593,30.501812
Agrioglypta itysalis,20.210695,-20.516735
Aglaomorpha histrio formosana,-1.3253927,-7.5587573
Lygniodes hypoleuca,-0.9250677,4.117722
Mataeomera biangulata,4.4589806,-8.864079
Lophoruza albicostalis,2.7633164,-3.7882736
Arytrurides inornatus,6.1059732,-12.4237175
Habrosyne indica formosana,-7.4434004,13.715639
Simplicia cornicalis,6.9556804,-16.153202
Paracymoriza nigra,6.8772798,-13.714752
Hadjina chinensis,8.401579,-13.535402
Mythimna (Morphopoliana) plantei,-13.866053,19.464329
Circobotys aurealis,17.312372,-18.271217
Mythimna radiata,-15.401678,19.995655
Hypena longipennis,-7.452195,11.549608
Chabula trivitralis,18.472296,-29.691698
Blavia scoteola,10.719102,-20.730267
Hydrelia bicolorata,-20.544298,26.365717
Prolophota trigonifera,-0.21309128,-12.039376
Bertula centralis,3.512728,-9.657418
Oxacme cretacea,13.948293,-18.001995
Pyrinioides sinuosus,10.780353,-25.744425
Arichanna postflava,-14.543134,9.752265
Chloroclystis blanda,-21.04315,29.18808
Cyclidia substigmaria substigmaria,-1.2809557,10.034687
Acronicta hercules,-9.094565,13.370506
Parapsestis argenteopicta taiwana,-22.905172,27.888363
Erebus caprimulgus,-1.0258468,4.5515785
Rivula niveipuncta,17.446726,-26.583818
Ectropis arizanensis,0.70328134,-11.767175
Ommatophora luminosa,-4.0238853,3.7759693
Ischyja ferrifracta,13.041481,-23.297928
Hypena lignealis,-8.039733,11.995708
Gonodontis pallida,11.762079,-20.859535
Alcis semiusta,-21.55058,27.204947
Monocerotesa abraxides,-0.8487767,9.952605
Scedopla umbrosa,8.772416,-15.739227
Vamuna alboluteora,-12.142746,17.642544
Spodoptera mauritia acronyctoides,-3.552535,1.376
Nudaria ranruna,-13.954788,12.739491
Danielithosia immaculata,13.462954,-14.009198
Panolis variegatoides,-24.308128,31.633575
Hamodes propitia,-1.1091831,1.2093697
Narangodes flavibasis,-20.619303,30.181189
Platycerota vitticostata,5.963713,-7.54523
Mesoptila melanolopha,-20.498823,30.595722
Macroglossum fritzei,0.07701977,2.9423983
Euplexidia pallidivirens,-22.095398,23.999285
Agrotis ipsilon,-1.7990333,6.0621
Parasa tessellata,15.146534,-28.649332
Dypterygia subfusca,-15.252294,20.479721
Abaciscus alishanensis,-13.338624,13.666384
Condica illecta,18.298782,-25.845123
Orthosia atriluna,-11.42205,8.660261
Xestia flavilinea,-18.069677,27.418549
Neope muirheadi nagasawae,10.814494,-12.321367
Pagyda nebulosa,-21.087843,30.572374
Barsine ponlai,0.037239335,-7.154087
Gastropacha horishana,-1.022731,2.4032557
Callopistria japonibia,2.3148477,-17.182558
Pseudargyria interruptella,-4.5030694,8.6759
Pleuroptya balteata,18.012589,-18.094297
Characoma glaucopasta,-2.951068,-2.614413
Blenina chlorophila,-17.960968,20.744003
Magusa tenebrosa,-3.6348603,8.04485
Conogethes pinicolalis,1.2937213,-1.4426607
Microblepsis violacea,-2.9556952,9.757984
Narosoideus vulpinus,3.6416013,-7.4837112
Metaemene hampsoni,-4.610739,2.547487
Phthonandria atrilineata cuneilinearia,15.642992,-17.384085
Meganephria weixleri,-17.158615,25.800678
Lomographa platyleucata marginata,-17.443066,19.686409
Synegia masuii,1.0188546,-10.960705
Anorthoa plumbeata,-22.605068,30.499846
Hyposada fasciosa,15.798204,-26.87767
Triuncina brunnea,-1.8619406,10.939145
Eumeta pryeri,21.671558,-27.672764
Hippotion velox,-6.981508,9.663024
Mustilia fusca,-18.151445,24.018562
Itmaharela basalis,-3.5070534,8.199252
Krananda lucidaria,2.180913,-7.0078936
Lophoptera nama,16.324768,-20.520164
Danala lilacina,10.81224,-18.500042
Heterolocha marginata,-15.584971,18.688345
Biston robustum subrobustum,-22.801825,28.518099
Amblychia moltrechti,-23.242804,28.990383
Maxates glaucaria,-18.950386,26.265535
Panthea grisea,-22.406002,25.527899
Acmeshachia gigantea,-20.225443,23.602112
Bertula parallela,15.338123,-23.393425
Trotocraspeda divaricata,1.959513,-4.801135
Endocrossis caldusalis,9.363135,-24.019258
Teulisna tumida,-2.06923,8.979426
Lymantria sinica sinica,-9.841607,14.370861
Maruca vitrata,-5.13367,7.4066496
Hypersypnoides submarginata,-9.222687,15.197769
Medama diplaga,-1.9662988,4.254228
Palpoctenidia phoenicosoma semilauta,-11.659878,11.567244
Paraspilarctia magna,-25.379414,27.58863
Eumorphobotys eumorphalis,0.9475029,-2.1273794
Scopelodes contractus,19.613388,-26.312948
Orgyia postica,17.622606,-23.844372
Hemithea pallidimunda,-6.4591603,6.3989444
Harutaea flavizona,-0.78811693,-5.350334
Hemipsilia coavestis,-16.855742,26.866365
Bastilla maturata,13.583344,-22.496092
Borsippa diffisa,10.953197,-19.831738
Tridrepana unispina,-3.6758697,5.3453097
Horithyatira decorata takamukui,-12.907202,22.199665
Ericeia pertendens,14.464922,-24.19549
Chamaita hirta,3.7946656,-13.2215185
Amphipyra shryshana,-23.862982,30.733547
Batracharta divisa,-9.293539,14.513571
Polythlipta divaricata,-7.6787257,-0.9279775
Hypocala deflorata,1.5115776,8.745986
Bocula caradrinoides,-8.421429,9.958092
Eumelea ludovicata,18.944124,-16.617382
Tamba taiwana,-17.458027,17.985565
Sophta diplochorda,15.499275,-22.5063
Agrotera basinotata,14.36597,-15.494647
Asura tricolor,8.103426,-7.190702
Hepatica irrorata,-3.496975,2.24395
Lassaba parvalbidaria,-14.792287,21.222055
Loxioda similis,-9.931926,4.781527
Hylophilodes esakii,-0.29512963,-8.980095
Psyra spurcataria,-19.324825,27.152763
Rikiosatoa fucataria,-20.3809,25.004604
Zanclognatha nakatomii,1.4014724,-9.936995
Macrocilix mysticata flavotincta,-10.478109,20.309595
Maruca amboinalis,19.434017,-28.821096
Strepsigonia diluta takamukui,4.775139,-15.787594
Spilarctia subtestacea,23.567728,-24.850735
Diarsia arenosoides,-23.21252,31.077477
Horipsestis aenea aenea,-12.980716,12.766709
Pida decolorata maculosa,-9.939714,14.790925
Ericeia eriophora,10.6311865,-7.8897285
Olene dudgeoni,2.477048,-5.8873224
Lophoptera squammigera,8.943809,-18.853302
Analthes insignis,14.101215,-20.678732
Epobeidia lucifera extranigricans,-26.109182,25.29444
Nola fasciata,7.065503,-12.989323
Menophra mitsundoi,-4.637749,7.438946
Dysstroma fumata,-23.606894,28.78748
Teliphasa nubilosa,-0.8140198,5.123024
Mythimna bistrigata,16.299463,-19.341766
Barsine fuscozonata,-8.535712,12.222008
Phlogophora albovittata,-22.80266,21.598911
Stauropus takamukuanus,-4.423328,12.9976225
Opisthograptis moelleri,-20.845146,22.89966
Euproctis purpureofasciata,-24.767193,26.85561
Luxiaria obliquata,21.04917,-26.67505
Hypena tristalis,-12.205256,12.267612
Wernya rufifasciata,-24.349562,29.92518
Caiella martini,-22.067228,31.793108
Eutrogia morosa,12.58596,-17.091139
Xestia yamanei,-9.429605,8.852952
Somena scintillans,-4.7746263,3.0864027
Eoophyla conjunctalis,22.743225,-30.183369
Tetridia caletoralis,10.14989,-14.063705
Pterotosoma castanea,0.043949716,-1.6080037
Theretra latreillii lucasii,6.9697247,-13.640454
Mocis frugalis,18.03807,-23.855907
Chlorodontopera discospilata,-20.634068,22.076809
Shaka atrovittata mushensis,5.6925106,-12.906369
Rhagastis castor formosana,-5.5001273,6.0967827
Neopheosia fasciata fasciata,-1.0734149,6.8786783
Ctenoplusia albostriata,-1.2030754,-3.1954658
Toxobotys nea,13.424697,-14.536953
Microxyla confusa,15.481144,-19.005276
Hydrillodes torsivena,-4.9470844,8.257873
Rhagastis binoculata,3.3723688,-6.756489
Narosoideus flavidorsalis,7.4889245,-9.116618
Anisoneura salebrosa,7.579713,-9.903495
Takapsestis wilemaniella wilemaniella,-19.784418,26.055529
Tympanistes rubidorsalis,-18.784307,19.972557
Penicillaria jocosatrix,-3.7453716,-4.010219
Tyspanodes striata,1.4017404,-3.752692
Spodoptera litura,0.0453802,-6.182795
Ercheia cyllaria,19.061798,-23.857897
Cidariplura gladiata,14.954666,-24.943506
Hypena indicatalis,-3.111569,-0.4841067
Glyphodes canthusalis,19.850695,-18.083973
Mythimna purpurpatagis,-1.8101083,-1.962716
Corgatha tornalis,15.450756,-12.19038
Mithuna arizana,-9.554744,6.052196
Milionia zonea pryeri,20.386204,-29.528582
Traminda aventiaria,21.068876,-27.035767
Pleuroptya quadrimaculalis,17.116343,-27.292374
Orthosia alishana,-16.731041,18.79097
Ilema olivacea,8.962545,-19.992292
Olulis puncticinctalis,17.301554,-16.924145
Bertula kosemponica,13.531465,-17.605457
Spilosoma fumida,-24.309511,25.570316
Lacera procellosa,11.316755,-15.791496
Ctenoplusia furcifera furcifera,-7.571516,3.97329
Acronicta intermedia,-9.517208,13.690815
Adrapsa quadrilinealis,18.031822,-24.296778
Goniorhynchus butyrosus,-0.7694208,-11.273913
Iragaodes nobilis,-5.736452,10.023917
Apospasta rantaizanensis,-14.288122,19.32972
Norracoides basinotata,7.5105133,-14.303172
Calliteara postfusca,-2.704364,8.996145
Andraca theae,-18.913046,24.321846
Dysaethria suisharyonis,-18.080652,18.844114
Hydatocapnia gemina,-0.59792143,-3.4564896
Heotia vitessoides,22.966288,-28.645288
